{"type": "block", "layer": 2, "block": 0, "features": [{"geom": {"triangles": {"v": [-82.98415655572899, 223.18843595683575, 0.0, -82.98415655572899, 220.68843595683575, 0.0, -82.98415655572899, 226.18843595683575, 0.0, -82.10915655572899, 215.18843595683575, 0.0, -82.10915655572899, 231.68843595683575, 0.0, -82.60915655572899, 229.18843595683575, 0.0, -80.60915655572899, 209.68843595683575, 0.0, -79.60915655572899, 207.18843595683575, 0.0, -79.60915655572899, 239.68843595683575, 0.0, -80.60915655572899, 237.18843595683575, 0.0, -81.48415655572899, 234.68843595683575, 0.0, -78.35915655572899, 204.68843595683575, 0.0, -78.35915655572899, 242.18843595683575, 0.0, -75.35915655572899, 199.68843595683575, 0.0, -73.60915655572899, 197.68843595683575, 0.0, -76.98415655572899, 244.68843595683575, 0.0, -73.60915655572899, 249.18843595683575, 0.0, -75.35915655572899, 247.18843595683575, 0.0, -69.73415655572899, 193.68843595683575, 0.0, -67.60915655572899, 191.68843595683575, 0.0, -71.85915655572899, 251.18843595683575, 0.0, -62.98415655572899, 258.18843595683575, 0.0, -67.60915655572899, 255.18843595683575, 0.0, -69.73415655572899, 253.18843595683575, 0.0, -65.35915655572899, 256.68843595683575, 0.0, -22.984156555728987, 258.18843595683575, 0.0, -28.109156555728987, 260.68843595683575, 0.0, -60.60915655572899, 259.18843595683575, 0.0, -52.73415655572899, 262.18843595683575, 0.0, -55.35915655572899, 261.68843595683575, 0.0, -57.98415655572899, 260.68843595683575, 0.0, -36.10915655572899, 262.68843595683575, 0.0, -49.98415655572899, 262.68843595683575, 0.0, -47.23415655572899, 263.18843595683575, 0.0, -38.85915655572899, 263.18843595683575, 0.0, -44.48415655572899, 263.18843595683575, 0.0, -41.60915655572899, 263.18843595683575, 0.0, -33.35915655572899, 262.18843595683575, 0.0, -30.609156555728987, 261.68843595683575, 0.0, -25.484156555728987, 259.18843595683575, 0.0, -12.359156555728987, 249.18843595683575, 0.0, -18.359156555728987, 191.68843595683575, 0.0, -10.734156555728987, 247.18843595683575, 0.0, -10.734156555728987, 199.68843595683575, 0.0, -7.734156555728987, 204.68843595683575, 0.0, -9.109156555728987, 244.68843595683575, 0.0, -4.609156555728987, 234.68843595683575, 0.0, -6.484156555728987, 207.18843595683575, 0.0, -4.609156555728987, 212.18843595683575, 0.0, -3.859156555728987, 231.68843595683575, 0.0, -3.109156555728987, 226.18843595683575, 0.0, -3.359156555728987, 229.18843595683575, 0.0, -3.859156555728987, 215.18843595683575, 0.0, -3.109156555728987, 220.68843595683575, 0.0, -2.984156555728987, 223.18843595683575, 0.0, -3.359156555728987, 217.68843595683575, 0.0, -5.484156555728987, 209.68843595683575, 0.0, -7.734156555728987, 242.18843595683575, 0.0, -6.484156555728987, 239.68843595683575, 0.0, -5.484156555728987, 237.18843595683575, 0.0, -9.109156555728987, 202.18843595683575, 0.0, -12.359156555728987, 197.68843595683575, 0.0, -14.234156555728987, 195.68843595683575, 0.0, -16.234156555728987, 193.68843595683575, 0.0, -60.60915655572899, 187.68843595683575, 0.0, -52.73415655572899, 184.68843595683575, 0.0, -25.484156555728987, 187.68843595683575, 0.0, -20.609156555728987, 190.18843595683575, 0.0, -22.984156555728987, 188.68843595683575, 0.0, -28.109156555728987, 186.18843595683575, 0.0, -47.23415655572899, 183.68843595683575, 0.0, -33.35915655572899, 184.68843595683575, 0.0, -30.609156555728987, 185.18843595683575, 0.0, -38.85915655572899, 183.68843595683575, 0.0, -36.10915655572899, 184.18843595683575, 0.0, -44.48415655572899, 183.68843595683575, 0.0, -41.60915655572899, 183.68843595683575, 0.0, -49.98415655572899, 184.18843595683575, 0.0, -55.35915655572899, 185.18843595683575, 0.0, -57.98415655572899, 186.18843595683575, 0.0, -65.35915655572899, 190.18843595683575, 0.0, -62.98415655572899, 188.68843595683575, 0.0, -18.359156555728987, 255.18843595683575, 0.0, -20.609156555728987, 256.68843595683575, 0.0, -14.234156555728987, 251.18843595683575, 0.0, -16.234156555728987, 253.18843595683575, 0.0, -71.85915655572899, 195.68843595683575, 0.0, -76.98415655572899, 202.18843595683575, 0.0, -81.48415655572899, 212.18843595683575, 0.0, -82.60915655572899, 217.68843595683575, 0.0], "f": [0, 1, 2, 3, 2, 1, 4, 2, 3, 4, 5, 2, 6, 4, 3, 7, 4, 6, 8, 4, 7, 4, 8, 9, 9, 10, 4, 8, 7, 11, 8, 11, 12, 13, 12, 11, 13, 14, 12, 14, 15, 12, 16, 15, 14, 16, 17, 15, 18, 16, 14, 19, 16, 18, 19, 20, 16, 21, 20, 19, 20, 21, 22, 23, 20, 22, 22, 21, 24, 25, 21, 19, 21, 25, 26, 21, 26, 27, 27, 26, 28, 27, 28, 29, 27, 29, 30, 28, 26, 31, 32, 28, 31, 33, 32, 31, 34, 33, 31, 35, 33, 34, 36, 35, 34, 37, 31, 26, 38, 37, 26, 26, 25, 39, 19, 40, 25, 41, 40, 19, 40, 41, 42, 43, 42, 41, 44, 42, 43, 45, 42, 44, 44, 46, 45, 47, 46, 44, 48, 46, 47, 46, 48, 49, 49, 48, 50, 51, 49, 50, 52, 50, 48, 53, 50, 52, 50, 53, 54, 52, 55, 53, 47, 56, 48, 46, 57, 45, 58, 57, 46, 59, 58, 46, 44, 43, 60, 41, 61, 43, 41, 62, 61, 62, 41, 63, 41, 19, 64, 65, 41, 64, 66, 41, 65, 41, 66, 67, 67, 66, 68, 66, 65, 69, 70, 69, 65, 69, 70, 71, 69, 71, 72, 71, 70, 73, 74, 71, 73, 70, 75, 73, 75, 76, 73, 70, 65, 77, 64, 78, 65, 78, 64, 79, 64, 19, 80, 64, 80, 81, 25, 40, 82, 83, 25, 82, 40, 84, 82, 84, 85, 82, 86, 18, 14, 87, 13, 11, 88, 6, 3, 89, 3, 1]}, "centroids": [[-43.029937335522845, 223.43574717268348, 0.0]]}, "mtl": {"idx": 0}}], "featureCount": 1, "startIndex": 0}